{
    "mse": {
        "train": 6.149891376495361,
        "valid": 17.78740119934082
    },
    "mae": {
        "train": 1.7432101964950562,
        "valid": 3.5779764652252197
    },
    "mape": {
        "train": 3.334106836629998,
        "valid": 1.9702585798393812
    },
    "rmse": {
        "train": 2.4798974990844727,
        "valid": 4.217511177062988
    },
    "directional_acc": {
        "train": 0.5236503856041131,
        "valid": 0.6551724137931034
    }
}