{
    "mse": {
        "train": 6.486066818237305,
        "valid": 17.10415267944336
    },
    "mae": {
        "train": 1.6952993869781494,
        "valid": 3.4519429206848145
    },
    "mape": {
        "train": 2.910846436906781,
        "valid": 1.8621960657405272
    },
    "rmse": {
        "train": 2.5467758178710938,
        "valid": 4.135716915130615
    },
    "directional_acc": {
        "train": 0.5206994085883261,
        "valid": 0.6551724137931034
    }
}