{
    "mse": {
        "train": 18.668109893798828,
        "valid": 32.39344024658203
    },
    "mae": {
        "train": 3.0806884765625,
        "valid": 4.480802536010742
    },
    "mape": {
        "train": 6.781758877173358,
        "valid": 2.1743049914342523
    },
    "rmse": {
        "train": 4.320660591125488,
        "valid": 5.691523551940918
    },
    "directional_acc": {
        "train": 0.5300771208226221,
        "valid": 0.5517241379310345
    }
}