{
    "mse": {
        "train": 8.128778457641602,
        "valid": 48.29050827026367
    },
    "mae": {
        "train": 1.8404731750488281,
        "valid": 5.899696350097656
    },
    "mape": {
        "train": 3.6359715887573714,
        "valid": 2.791668194368995
    },
    "rmse": {
        "train": 2.8511011600494385,
        "valid": 6.949137210845947
    },
    "directional_acc": {
        "train": 0.5381846232964772,
        "valid": 0.5862068965517241
    }
}